,Apartment_ID,Rooms,Garage,Useful_Area,Latitude,Longitude,Seller_Value,Condition,Coordinates,Action,County
32,9180,2.0,2.0,140,-23.5880953,-46.6796849,2798350,1,"-23.5880953, -46.6796849",Buy,Itaim Bibi
67,16913,2.0,1.0,120,-23.5603841,-46.666037700000004,1397940,1,"-23.5603841, -46.666037700000004",Buy,Jardim Paulista
82,1149,3.0,1.0,75,-23.5313069,-46.7296441,670972,1,"-23.5313069, -46.7296441",Buy,Vila Leopoldina
99,1539,3.0,1.0,87,-23.5392826,-46.7161162,610236,1,"-23.5392826, -46.7161162",Buy,Alto de Pinheiros
104,13813,2.0,1.0,85,-23.577627,-46.64196,572555,1,"-23.577627, -46.64196",Buy,Vila Mariana
143,4427,3.0,2.0,159,-23.5413225,-46.6600811,1541390,1,"-23.5413225, -46.6600811",Buy,Consolação
149,13125,3.0,3.0,115,-23.589961199999998,-46.628627,952192,1,"-23.589961199999998, -46.628627",Buy,Vila Mariana
155,13341,3.0,1.0,90,-23.585171300000003,-46.6446696,704301,1,"-23.585171300000003, -46.6446696",Buy,Vila Mariana
201,4890,2.0,1.0,106,-23.537054,-46.654065,1148460,1,"-23.537054, -46.654065",Buy,Região Imediata de São Paulo
202,1337,2.0,3.0,140,-23.540126899999997,-46.679508399999996,1409730,1,"-23.540126899999997, -46.679508399999996",Buy,Perdizes
220,1533,3.0,3.0,131,-23.5439368,-46.7224484,1433350,1,"-23.5439368, -46.7224484",Buy,Alto de Pinheiros
229,15996,2.0,1.0,63,-23.6321387,-46.64049979999999,559138,1,"-23.6321387, -46.64049979999999",Buy,Jabaquara
239,13509,3.0,2.0,81,-23.578471899999997,-46.635058,847448,1,"-23.578471899999997, -46.635058",Buy,Vila Mariana
246,16973,2.0,1.0,80,-23.5573903,-46.664541799999995,921648,1,"-23.5573903, -46.664541799999995",Buy,Cerqueira César
257,345,2.0,1.0,55,-23.555021300000003,-46.6965765,532095,1,"-23.555021300000003, -46.6965765",Buy,Pinheiros
281,10049,3.0,1.0,141,-23.565144,-46.6561721,1713810,1,"-23.565144, -46.6561721",Buy,Jardim Paulista
288,10582,3.0,1.0,175,-23.567607000000002,-46.658592999999996,1918160,1,"-23.567607000000002, -46.658592999999996",Buy,Jardim Paulista
291,16067,2.0,1.0,88,-23.6151088,-46.6589862,574665,1,"-23.6151088, -46.6589862",Buy,Saúde
337,851,3.0,2.0,130,-23.5429662,-46.682841700000004,1282200,1,"-23.5429662, -46.682841700000004",Buy,Sumaré
340,656,3.0,2.0,126,-23.5422603,-46.70325020000001,1177910,1,"-23.5422603, -46.70325020000001",Buy,Alto de Pinheiros
345,7232,3.0,1.0,80,-23.5708187,-46.6280389,611256,1,"-23.5708187, -46.6280389",Buy,Aclimação
358,14766,3.0,2.0,134,-23.5809272,-46.5899919,814274,1,"-23.5809272, -46.5899919",Buy,Região Imediata de São Paulo
398,236,2.0,1.0,85,-23.539367000000002,-46.680335,838258,1,"-23.539367000000002, -46.680335",Buy,Perdizes
476,7086,2.0,1.0,75,-23.5679329,-46.62566470000001,634646,1,"-23.5679329, -46.62566470000001",Buy,Liberdade
537,16102,2.0,1.0,52,-23.6199984,-46.6404718,487190,1,"-23.6199984, -46.6404718",Buy,Saúde
584,12827,2.0,2.0,119,-23.6003027,-46.7300304,761486,1,"-23.6003027, -46.7300304",Buy,Região Imediata de São Paulo
592,17033,3.0,1.0,169,-23.5625141,-46.6663206,2020110,1,"-23.5625141, -46.6663206",Buy,Cerqueira César
603,3294,2.0,2.0,134,-23.5637016,-46.6848775,1236310,1,"-23.5637016, -46.6848775",Buy,Pinheiros
607,10109,2.0,2.0,59,-23.5683698,-46.6555783,696074,1,"-23.5683698, -46.6555783",Buy,Jardim Paulista
614,16863,3.0,1.0,120,-23.557420999999998,-46.6662968,1760410,1,"-23.557420999999998, -46.6662968",Buy,Cerqueira César
620,2652,3.0,3.0,127,-23.6463603,-46.6692059,947959,1,"-23.6463603, -46.6692059",Buy,Região Imediata de São Paulo
637,16275,2.0,1.0,86,-23.603928600000003,-46.6663275,961263,1,"-23.603928600000003, -46.6663275",Buy,Moema
657,14922,3.0,1.0,54,-23.5467306,-46.5897511,399935,1,"-23.5467306, -46.5897511",Buy,Belém
705,17109,2.0,2.0,100,-23.5614403,-46.6665201,970085,1,"-23.5614403, -46.6665201",Buy,Jardim Paulista
709,5169,3.0,1.0,129,-23.538265600000003,-46.6599718,1153570,1,"-23.538265600000003, -46.6599718",Buy,Santa Cecília
714,14871,2.0,2.0,110,-23.583686399999998,-46.603164899999996,1147980,1,"-23.583686399999998, -46.603164899999996",Buy,Ipiranga
718,16841,3.0,2.0,145,-23.5587053,-46.6644569,1731280,1,"-23.5587053, -46.6644569",Buy,Jardim Paulista
744,15905,2.0,1.0,99,-23.617592000000002,-46.65803,535551,1,"-23.617592000000002, -46.65803",Buy,Região Imediata de São Paulo
754,12392,2.0,1.0,75,-23.604875,-46.6941388,696336,1,"-23.604875, -46.6941388",Buy,Itaim Bibi
774,11790,3.0,2.0,95,-23.6353103,-46.7345075,717463,1,"-23.6353103, -46.7345075",Buy,Vila Andrade
776,608,3.0,2.0,91,-23.5218396,-46.7112919,735140,1,"-23.5218396, -46.7112919",Buy,Lapa
796,1187,3.0,1.0,88,-23.573979,-46.73659979999999,530102,1,"-23.573979, -46.73659979999999",Buy,Região Imediata de São Paulo
826,15282,2.0,2.0,130,-23.595420899999997,-46.6772848,1222530,1,"-23.595420899999997, -46.6772848",Buy,Vila Olímpia
888,4626,2.0,1.0,98,-23.5415783,-46.6567631,799554,1,"-23.5415783, -46.6567631",Buy,Consolação
926,16879,3.0,1.0,110,-23.5575139,-46.6651038,1270910,1,"-23.5575139, -46.6651038",Buy,Cerqueira César
946,16456,3.0,2.0,94,-23.6021299,-46.6445558,1042600,1,"-23.6021299, -46.6445558",Buy,Saúde
977,9052,3.0,3.0,170,-23.58758,-46.673753399999995,2130580,1,"-23.58758, -46.673753399999995",Buy,Região Imediata de São Paulo
978,2094,2.0,2.0,85,-23.6262129,-46.6744411,1222950,1,"-23.6262129, -46.6744411",Buy,Campo Belo
979,33,3.0,2.0,106,-23.525733499999998,-46.6911725,1029460,1,"-23.525733499999998, -46.6911725",Buy,Região Imediata de São Paulo
989,4425,3.0,2.0,135,-23.5549569,-46.6538549,1983810,1,"-23.5549569, -46.6538549",Buy,Bela Vista
996,9418,3.0,1.0,140,-23.580838,-46.6796621,1960360,1,"-23.580838, -46.6796621",Buy,Itaim Bibi
1037,6885,2.0,1.0,53,-23.5606748,-46.623147700000004,546506,1,"-23.5606748, -46.623147700000004",Buy,Região Imediata de São Paulo
1057,3365,2.0,1.0,60,-23.5887116,-46.7200669,356589,1,"-23.5887116, -46.7200669",Buy,Região Imediata de São Paulo
1063,12440,3.0,3.0,143,-23.6264195,-46.707108000000005,1524490,1,"-23.6264195, -46.707108000000005",Buy,Região Imediata de São Paulo
1083,666,3.0,2.0,98,-23.531633399999997,-46.730495700000006,1118070,1,"-23.531633399999997, -46.730495700000006",Buy,Vila Leopoldina
1105,3234,3.0,2.0,86,-23.586311399999996,-46.7213677,860568,1,"-23.586311399999996, -46.7213677",Buy,Morumbi
1108,16977,3.0,1.0,130,-23.5547288,-46.66303320000001,1174870,1,"-23.5547288, -46.66303320000001",Buy,Consolação
1154,17092,2.0,1.0,110,-23.5600578,-46.6674599,1292410,1,"-23.5600578, -46.6674599",Buy,Jardim Paulista
1212,116,2.0,2.0,117,-23.5246801,-46.6907584,1101930,1,"-23.5246801, -46.6907584",Buy,Lapa
1216,15032,3.0,1.0,86,-23.579501399999998,-46.6058364,633562,1,"-23.579501399999998, -46.6058364",Buy,Ipiranga
1247,5390,3.0,1.0,86,-23.5512511,-46.6801488,832003,1,"-23.5512511, -46.6801488",Buy,Pinheiros
1250,1703,3.0,3.0,93,-23.5258711,-46.704533500000004,955268,1,"-23.5258711, -46.704533500000004",Buy,Vila Romana
1253,3763,2.0,1.0,77,-23.5987549,-46.6686881,776704,1,"-23.5987549, -46.6686881",Buy,Região Imediata de São Paulo
1278,15695,2.0,1.0,100,-23.6104798,-46.6609109,1037550,1,"-23.6104798, -46.6609109",Buy,Moema
1323,16549,3.0,3.0,140,-23.6005563,-46.665451899999994,1371580,1,"-23.6005563, -46.665451899999994",Buy,Moema
1331,4676,3.0,1.0,119,-23.5382645,-46.6592311,1333560,1,"-23.5382645, -46.6592311",Buy,Santa Cecília
1336,7013,3.0,1.0,90,-23.568712899999998,-46.6281803,761575,1,"-23.568712899999998, -46.6281803",Buy,Liberdade
1361,14856,3.0,2.0,83,-23.569285600000004,-46.595011299999996,587692,1,"-23.569285600000004, -46.595011299999996",Buy,Mooca
1381,1541,3.0,2.0,117,-23.5332298,-46.7147955,899648,1,"-23.5332298, -46.7147955",Buy,Lapa
1389,16912,3.0,3.0,150,-23.5618907,-46.6656575,2327820,1,"-23.5618907, -46.6656575",Buy,Cerqueira César
1400,2538,3.0,2.0,130,-23.6232987,-46.673502,1171780,1,"-23.6232987, -46.673502",Buy,Campo Belo
1402,15042,2.0,1.0,60,-23.558018,-46.5963527,338986,1,"-23.558018, -46.5963527",Buy,Mooca
1466,1985,3.0,2.0,137,-23.6262129,-46.6744411,1971100,1,"-23.6262129, -46.6744411",Buy,Campo Belo
1496,15094,3.0,1.0,68,-23.554946100000002,-46.589734,464503,1,"-23.554946100000002, -46.589734",Buy,Região Imediata de São Paulo
1582,9255,3.0,2.0,170,-23.580649800000003,-46.6737666,2201750,1,"-23.580649800000003, -46.6737666",Buy,Região Imediata de São Paulo
1607,455,3.0,2.0,123,-23.526363500000002,-46.707398100000006,726357,1,"-23.526363500000002, -46.707398100000006",Buy,Vila Romana
1609,15043,2.0,1.0,55,-23.5564383,-46.594687,338914,1,"-23.5564383, -46.594687",Buy,Mooca
1655,8844,3.0,1.0,96,-23.580204100000003,-46.676947,1123100,1,"-23.580204100000003, -46.676947",Buy,Itaim Bibi
1721,15130,3.0,1.0,69,-23.559749,-46.5828386,475206,1,"-23.559749, -46.5828386",Buy,Água Rasa
1741,10555,2.0,2.0,81,-23.567600100000003,-46.6583807,900008,1,"-23.567600100000003, -46.6583807",Buy,Jardim Paulista
1761,1532,2.0,1.0,75,-23.5428074,-46.683980700000006,724869,1,"-23.5428074, -46.683980700000006",Buy,Sumaré
1762,17039,3.0,1.0,140,-23.563223,-46.670741,1656330,1,"-23.563223, -46.670741",Buy,Jardim Paulista
1766,15031,3.0,2.0,110,-23.5674179,-46.583684000000005,729924,1,"-23.5674179, -46.583684000000005",Buy,Região Imediata de São Paulo
1783,17030,3.0,1.0,113,-23.5641247,-46.670222499999994,1422020,1,"-23.5641247, -46.670222499999994",Buy,Jardim Paulista
1798,5478,3.0,1.0,90,-23.559585000000002,-46.6740277,924676,1,"-23.559585000000002, -46.6740277",Buy,Jardim Paulista
1843,11400,3.0,1.0,93,-23.5914741,-46.7215035,631650,1,"-23.5914741, -46.7215035",Buy,Morumbi
1874,17028,2.0,1.0,100,-23.555355,-46.665102000000005,788973,1,"-23.555355, -46.665102000000005",Buy,Consolação
1889,15047,2.0,2.0,53,-23.561989,-46.6026546,446323,1,"-23.561989, -46.6026546",Buy,Região Imediata de São Paulo
1904,15953,2.0,2.0,94,-23.603809,-46.669959000000006,1057370,1,"-23.603809, -46.669959000000006",Buy,Indianópolis
1936,9933,2.0,2.0,78,-23.5693335,-46.6537776,1376680,1,"-23.5693335, -46.6537776",Buy,Jardim Paulista
1941,16730,2.0,1.0,85,-23.6220207,-46.6401383,342911,1,"-23.6220207, -46.6401383",Buy,Saúde
2035,9853,2.0,1.0,54,-23.563530800000002,-46.648151899999995,991876,1,"-23.563530800000002, -46.648151899999995",Buy,Bela Vista
2086,10037,3.0,2.0,154,-23.563668399999997,-46.64989620000001,1431730,1,"-23.563668399999997, -46.64989620000001",Buy,Bela Vista
2094,14926,3.0,2.0,85,-23.5491468,-46.594069700000006,629527,1,"-23.5491468, -46.594069700000006",Buy,Mooca
2101,9455,3.0,2.0,133,-23.5814181,-46.6825811,1646350,1,"-23.5814181, -46.6825811",Buy,Itaim Bibi
2128,4480,2.0,1.0,55,-23.542279399999998,-46.65327429999999,640217,1,"-23.542279399999998, -46.65327429999999",Buy,Santa Cecília
2132,12939,3.0,2.0,75,-23.6092296,-46.70818010000001,674379,1,"-23.6092296, -46.70818010000001",Buy,Região Imediata de São Paulo
2133,16847,3.0,1.0,136,-23.5579552,-46.663506,1491870,1,"-23.5579552, -46.663506",Buy,Jardim Paulista
2149,16015,2.0,1.0,74,-23.6026324,-46.6434503,626052,1,"-23.6026324, -46.6434503",Buy,Saúde
2155,16987,3.0,2.0,160,-23.5637553,-46.6676257,2087950,1,"-23.5637553, -46.6676257",Buy,Jardim Paulista
2166,472,2.0,2.0,102,-23.5535271,-46.6981076,1191300,1,"-23.5535271, -46.6981076",Buy,Alto de Pinheiros
2226,11813,2.0,1.0,73,-23.6176824,-46.6949631,863058,1,"-23.6176824, -46.6949631",Buy,Itaim Bibi
2246,1398,2.0,1.0,87,-23.547010999999998,-46.686481,857982,1,"-23.547010999999998, -46.686481",Buy,Perdizes
2293,15159,3.0,1.0,71,-23.538201500000003,-46.5914252,364359,1,"-23.538201500000003, -46.5914252",Buy,Belém
2298,5970,2.0,2.0,61,-23.610671,-46.620022,440208,1,"-23.610671, -46.620022",Buy,Cursino
2355,597,2.0,1.0,76,-23.5708585,-46.7134414,465029,1,"-23.5708585, -46.7134414",Buy,Região Imediata de São Paulo
2385,3038,3.0,2.0,104,-23.5621748,-46.6955632,1200490,1,"-23.5621748, -46.6955632",Buy,Vila Madalena
2421,10461,2.0,1.0,82,-23.5708726,-46.66173870000001,1272990,1,"-23.5708726, -46.66173870000001",Buy,Jardim Paulista
2431,1735,3.0,2.0,90,-23.528427,-46.685224299999994,903210,1,"-23.528427, -46.685224299999994",Buy,Perdizes
2439,743,3.0,2.0,70,-23.5363865,-46.6851131,783806,1,"-23.5363865, -46.6851131",Buy,Perdizes
2467,13464,2.0,1.0,100,-23.571596399999997,-46.6507287,854920,1,"-23.571596399999997, -46.6507287",Buy,Vila Mariana
2519,10313,2.0,1.0,95,-23.5693125,-46.6633775,1414300,1,"-23.5693125, -46.6633775",Buy,Região Imediata de São Paulo
2521,17050,3.0,2.0,108,-23.5597889,-46.6641258,1345000,1,"-23.5597889, -46.6641258",Buy,Cerqueira César
2525,306,3.0,1.0,72,-23.555021300000003,-46.6965765,696560,1,"-23.555021300000003, -46.6965765",Buy,Pinheiros
2526,14859,2.0,1.0,68,-23.5661517,-46.591005200000005,513179,1,"-23.5661517, -46.591005200000005",Buy,Mooca
2543,3230,2.0,2.0,84,-23.564099600000002,-46.6910643,1047950,1,"-23.564099600000002, -46.6910643",Buy,Pinheiros
2548,3638,2.0,1.0,59,-23.5961104,-46.6726114,1304690,1,"-23.5961104, -46.6726114",Buy,Moema
2553,13967,3.0,2.0,70,-23.5962767,-46.6375333,538055,1,"-23.5962767, -46.6375333",Buy,Jardim Vila Mariana
2580,14343,3.0,2.0,88,-23.5856322,-46.6368007,1042690,1,"-23.5856322, -46.6368007",Buy,Jardim Vila Mariana
2594,12247,2.0,1.0,61,-23.6324194,-46.7383636,727013,1,"-23.6324194, -46.7383636",Buy,Vila Andrade
2613,5400,2.0,1.0,76,-23.554903,-46.6787332,734322,1,"-23.554903, -46.6787332",Buy,Jardim Paulista
2632,16934,3.0,1.0,136,-23.562314100000002,-46.666107000000004,1512930,1,"-23.562314100000002, -46.666107000000004",Buy,Cerqueira César
2648,1263,3.0,3.0,171,-23.5276168,-46.687539799999996,1779740,1,"-23.5276168, -46.687539799999996",Buy,Perdizes
2660,5387,2.0,2.0,68,-23.5574793,-46.6785474,673223,1,"-23.5574793, -46.6785474",Buy,Jardim Paulista
2716,12460,3.0,1.0,76,-23.591615,-46.7293322,668593,1,"-23.591615, -46.7293322",Buy,Vila Sônia
2745,15152,3.0,2.0,89,-23.585593499999998,-46.605002500000005,772339,1,"-23.585593499999998, -46.605002500000005",Buy,Ipiranga
2765,9616,3.0,1.0,158,-23.5672572,-46.6609729,1891110,1,"-23.5672572, -46.6609729",Buy,Região Imediata de São Paulo
2766,17043,3.0,1.0,101,-23.5604681,-46.6644891,1159620,1,"-23.5604681, -46.6644891",Buy,Cerqueira César
2783,585,3.0,2.0,88,-23.530903600000002,-46.6934693,803646,1,"-23.530903600000002, -46.6934693",Buy,Lapa
2785,1883,3.0,2.0,110,-23.6235122,-46.6690516,734323,1,"-23.6235122, -46.6690516",Buy,Campo Belo
2809,14317,3.0,1.0,85,-23.5838407,-46.6418217,774578,1,"-23.5838407, -46.6418217",Buy,Vila Mariana
2812,17020,2.0,1.0,77,-23.559243,-46.6662783,1129600,1,"-23.559243, -46.6662783",Buy,Cerqueira César
2837,1412,2.0,2.0,71,-23.532595,-46.705137,755985,1,"-23.532595, -46.705137",Buy,Lapa
2839,16885,3.0,2.0,105,-23.5579018,-46.6663075,923515,1,"-23.5579018, -46.6663075",Buy,Jardim Paulista
2854,1445,3.0,2.0,100,-23.5371187,-46.7187527,857343,1,"-23.5371187, -46.7187527",Buy,Alto de Pinheiros
2872,997,2.0,1.0,60,-23.5288101,-46.729830799999995,529840,1,"-23.5288101, -46.729830799999995",Buy,Região Imediata de São Paulo
2875,13662,2.0,2.0,152,-23.578298,-46.642011,1430590,1,"-23.578298, -46.642011",Buy,Paraíso
2899,9641,3.0,1.0,100,-23.563246799999998,-46.662570200000005,1375540,1,"-23.563246799999998, -46.662570200000005",Buy,Jardim Paulista
2945,14768,2.0,2.0,60,-23.577839800000003,-46.5884228,424838,1,"-23.577839800000003, -46.5884228",Buy,Mooca
2947,5408,3.0,2.0,95,-23.5571781,-46.6775322,1028100,1,"-23.5571781, -46.6775322",Buy,Jardim Paulista
2953,2619,3.0,1.0,113,-23.612729100000003,-46.67865220000001,1065030,1,"-23.612729100000003, -46.67865220000001",Buy,Itaim Bibi
2955,9295,2.0,1.0,120,-23.583723000000003,-46.680091499999996,1381800,1,"-23.583723000000003, -46.680091499999996",Buy,Região Imediata de São Paulo
2969,16647,3.0,2.0,110,-23.604912,-46.662269,1503230,1,"-23.604912, -46.662269",Buy,Região Imediata de São Paulo
2977,11278,3.0,1.0,93,-23.604879699999998,-46.694894399999995,866654,1,"-23.604879699999998, -46.694894399999995",Buy,Itaim Bibi
3000,16641,2.0,1.0,80,-23.603931699999997,-46.6462651,641054,1,"-23.603931699999997, -46.6462651",Buy,Saúde
3025,1035,2.0,2.0,96,-23.5439474,-46.6959278,1287320,1,"-23.5439474, -46.6959278",Buy,Alto de Pinheiros
3035,10754,3.0,2.0,159,-23.5641704,-46.6579093,1890130,1,"-23.5641704, -46.6579093",Buy,Jardim Paulista
3056,10528,2.0,2.0,77,-23.5585516,-46.6567204,1178250,1,"-23.5585516, -46.6567204",Buy,Bela Vista
3092,330,2.0,2.0,122,-23.535535,-46.705901000000004,1606970,1,"-23.535535, -46.705901000000004",Buy,Vila Argentina
3105,14035,2.0,1.0,73,-23.5853969,-46.641918700000005,656332,1,"-23.5853969, -46.641918700000005",Buy,Vila Mariana
3131,1284,2.0,1.0,85,-23.549482100000002,-46.690577399999995,808305,1,"-23.549482100000002, -46.690577399999995",Buy,Pinheiros
3151,16904,3.0,2.0,156,-23.5606029,-46.6682912,2006430,1,"-23.5606029, -46.6682912",Buy,Jardim Paulista
3153,15108,3.0,1.0,62,-23.577735399999998,-46.6037747,503711,1,"-23.577735399999998, -46.6037747",Buy,Ipiranga
3179,9248,3.0,1.0,118,-23.5830109,-46.67401029999999,998056,1,"-23.5830109, -46.67401029999999",Buy,Itaim Bibi
3197,3401,2.0,1.0,85,-23.5669452,-46.6904905,1060420,1,"-23.5669452, -46.6904905",Buy,Pinheiros
3261,16967,2.0,1.0,92,-23.559465399999997,-46.6626965,977245,1,"-23.559465399999997, -46.6626965",Buy,Cerqueira César
3268,783,3.0,2.0,86,-23.5379936,-46.7182559,707533,1,"-23.5379936, -46.7182559",Buy,Alto de Pinheiros
3283,17168,3.0,1.0,120,-23.565962300000002,-46.6344016,1015430,1,"-23.565962300000002, -46.6344016",Buy,Região Imediata de São Paulo
3302,14764,2.0,1.0,62,-23.551772699999997,-46.588697499999995,522114,1,"-23.551772699999997, -46.588697499999995",Buy,Região Imediata de São Paulo
3315,1186,2.0,1.0,106,-23.5418023,-46.683078200000004,1045360,1,"-23.5418023, -46.683078200000004",Buy,Perdizes
3320,2932,2.0,1.0,73,-23.561474800000003,-46.68828920000001,628780,1,"-23.561474800000003, -46.68828920000001",Buy,Pinheiros
3408,4878,2.0,1.0,58,-23.5410759,-46.6520365,709251,1,"-23.5410759, -46.6520365",Buy,Santa Cecília
3412,9646,3.0,1.0,160,-23.5699352,-46.6619624,1471810,1,"-23.5699352, -46.6619624",Buy,Jardim Paulista
3415,10429,2.0,1.0,74,-23.570711300000003,-46.656655799999996,1003010,1,"-23.570711300000003, -46.656655799999996",Buy,Jardim Paulista
3439,1346,3.0,2.0,89,-23.5341397,-46.691877500000004,917285,1,"-23.5341397, -46.691877500000004",Buy,Perdizes
3461,16029,2.0,2.0,130,-23.6035293,-46.6692036,1482930,1,"-23.6035293, -46.6692036",Buy,Moema
3471,10307,3.0,1.0,79,-23.5632482,-46.648092999999996,1050300,1,"-23.5632482, -46.648092999999996",Buy,Bela Vista
3472,1316,3.0,1.0,87,-23.531566899999998,-46.7270539,731690,1,"-23.531566899999998, -46.7270539",Buy,Vila Hamburguesa
3499,36,3.0,3.0,112,-23.5346105,-46.6820886,1136890,1,"-23.5346105, -46.6820886",Buy,Perdizes
3500,1202,3.0,1.0,97,-23.5479313,-46.693109299999996,821570,1,"-23.5479313, -46.693109299999996",Buy,Pinheiros
3508,5049,2.0,1.0,75,-23.556319000000002,-46.652826,776854,1,"-23.556319000000002, -46.652826",Buy,Bela Vista
3519,13132,3.0,2.0,110,-23.5898068,-46.648386200000004,1339430,1,"-23.5898068, -46.648386200000004",Buy,Vila Mariana
3522,1295,3.0,1.0,103,-23.543060999999998,-46.686877,995486,1,"-23.543060999999998, -46.686877",Buy,Região Imediata de São Paulo
3526,9447,3.0,2.0,170,-23.579113,-46.6761624,1884890,1,"-23.579113, -46.6761624",Buy,Região Imediata de São Paulo
3545,14029,3.0,2.0,121,-23.586045300000002,-46.647292,964963,1,"-23.586045300000002, -46.647292",Buy,Paraíso
3560,5603,2.0,1.0,80,-23.5587133,-46.6761883,998047,1,"-23.5587133, -46.6761883",Buy,Cerqueira César
3567,12038,3.0,2.0,120,-23.6124872,-46.7361891,746572,1,"-23.6124872, -46.7361891",Buy,Vila Sônia
3607,8621,2.0,1.0,70,-23.583713600000003,-46.68287410000001,757594,1,"-23.583713600000003, -46.68287410000001",Buy,Itaim Bibi
3619,185,3.0,3.0,167,-23.5525983,-46.6973418,2314490,1,"-23.5525983, -46.6973418",Buy,Alto de Pinheiros
3628,14908,2.0,1.0,54,-23.577735399999998,-46.6037747,438716,1,"-23.577735399999998, -46.6037747",Buy,Ipiranga
3658,16147,2.0,1.0,80,-23.6079195,-46.6701195,762645,1,"-23.6079195, -46.6701195",Buy,Moema
3692,5572,2.0,2.0,160,-23.5568095,-46.6773355,1868350,1,"-23.5568095, -46.6773355",Buy,Cerqueira César
3706,3460,3.0,1.0,71,-23.5617235,-46.686257399999995,573318,1,"-23.5617235, -46.686257399999995",Buy,Pinheiros
3726,16970,3.0,1.0,115,-23.5594315,-46.6650556,1679700,1,"-23.5594315, -46.6650556",Buy,Jardim Paulista
3752,13779,2.0,1.0,57,-23.5970535,-46.6375545,934938,1,"-23.5970535, -46.6375545",Buy,Vila Clementino
3766,12988,3.0,2.0,132,-23.632889000000002,-46.7298706,1301340,1,"-23.632889000000002, -46.7298706",Buy,Vila Andrade
3786,14978,3.0,2.0,90,-23.5595039,-46.586718700000006,666558,1,"-23.5595039, -46.586718700000006",Buy,Mooca
3807,16568,2.0,1.0,83,-23.6008319,-46.6481151,645484,1,"-23.6008319, -46.6481151",Buy,Região Imediata de São Paulo
3854,1743,3.0,2.0,76,-23.5327698,-46.6882258,820365,1,"-23.5327698, -46.6882258",Buy,Perdizes
3867,14505,2.0,2.0,100,-23.583239399999997,-46.65052670000001,857014,1,"-23.583239399999997, -46.65052670000001",Buy,Moema
3875,13637,3.0,3.0,128,-23.5814572,-46.6346049,1286710,1,"-23.5814572, -46.6346049",Buy,Vila Mariana
3880,9768,3.0,2.0,160,-23.5642293,-46.660861499999996,1972860,1,"-23.5642293, -46.660861499999996",Buy,Região Imediata de São Paulo
3902,16705,3.0,2.0,102,-23.605955899999998,-46.66336389999999,1648420,1,"-23.605955899999998, -46.66336389999999",Buy,Moema
3912,3333,2.0,1.0,58,-23.564621799999998,-46.695627,736854,1,"-23.564621799999998, -46.695627",Buy,Vila Madalena
3922,4142,3.0,1.0,144,-23.5383689,-46.6548126,1331640,1,"-23.5383689, -46.6548126",Buy,Santa Cecília
3935,369,2.0,2.0,72,-23.5305216,-46.6894133,827177,1,"-23.5305216, -46.6894133",Buy,Perdizes
3942,2089,2.0,1.0,55,-23.640849399999997,-46.6638568,459529,1,"-23.640849399999997, -46.6638568",Buy,Região Imediata de São Paulo
3947,7412,3.0,2.0,164,-23.534114000000002,-46.676525700000006,1611150,1,"-23.534114000000002, -46.676525700000006",Buy,Sumaré
3959,7170,2.0,1.0,73,-23.5874242,-46.625690999999996,568976,1,"-23.5874242, -46.625690999999996",Buy,Vila Mariana
3964,14814,3.0,2.0,153,-23.5627788,-46.5999756,1133150,1,"-23.5627788, -46.5999756",Buy,Região Imediata de São Paulo
3965,16911,2.0,1.0,110,-23.5609887,-46.668454100000005,1240760,1,"-23.5609887, -46.668454100000005",Buy,Jardim Paulista
3975,9790,2.0,2.0,113,-23.5652892,-46.6630318,1886110,1,"-23.5652892, -46.6630318",Buy,Região Imediata de São Paulo
4000,11990,3.0,2.0,91,-23.6247745,-46.7341403,467735,1,"-23.6247745, -46.7341403",Buy,Vila Andrade
4043,14548,2.0,1.0,64,-23.570479100000004,-46.648986900000004,736746,1,"-23.570479100000004, -46.648986900000004",Buy,Paraíso
4047,5146,3.0,1.0,97,-23.55078,-46.643969,506762,1,"-23.55078, -46.643969",Buy,República
4066,15306,3.0,1.0,86,-23.5962855,-46.6754251,888597,1,"-23.5962855, -46.6754251",Buy,Itaim Bibi
4083,8678,2.0,1.0,72,-23.5790301,-46.6725146,728077,1,"-23.5790301, -46.6725146",Buy,Itaim Bibi
4105,13300,3.0,1.0,115,-23.5843807,-46.6467362,1001670,1,"-23.5843807, -46.6467362",Buy,Rua Bagé
4124,1271,2.0,1.0,60,-23.543584399999997,-46.6896719,579895,1,"-23.543584399999997, -46.6896719",Buy,Perdizes
4133,3134,3.0,3.0,168,-23.5624432,-46.6965282,2033410,1,"-23.5624432, -46.6965282",Buy,Pinheiros
4137,3325,2.0,1.0,62,-23.590914899999998,-46.7300387,402827,1,"-23.590914899999998, -46.7300387",Buy,Região Imediata de São Paulo
4140,14990,3.0,2.0,73,-23.567322,-46.584107200000005,614747,1,"-23.567322, -46.584107200000005",Buy,Região Imediata de São Paulo
4191,195,3.0,2.0,105,-23.530817499999998,-46.729229499999995,886285,1,"-23.530817499999998, -46.729229499999995",Buy,Vila Leopoldina
4203,15028,3.0,1.0,85,-23.5606195,-46.5963794,715801,1,"-23.5606195, -46.5963794",Buy,Região Imediata de São Paulo
4284,10558,3.0,2.0,140,-23.56868,-46.6645219,1942560,1,"-23.56868, -46.6645219",Buy,Jardim Paulista
4290,8809,3.0,1.0,135,-23.5783035,-46.6729261,1890350,1,"-23.5783035, -46.6729261",Buy,Itaim Bibi
4291,298,3.0,1.0,126,-23.545150500000002,-46.6857646,1050440,1,"-23.545150500000002, -46.6857646",Buy,Perdizes
4368,17083,2.0,1.0,140,-23.56333,-46.671115500000006,1597770,1,"-23.56333, -46.671115500000006",Buy,Jardim Paulista
4373,14560,3.0,1.0,70,-23.5980672,-46.6326752,614095,1,"-23.5980672, -46.6326752",Buy,330
4396,138,2.0,1.0,59,-23.536272699999998,-46.6832381,570230,1,"-23.536272699999998, -46.6832381",Buy,Pompéia
4450,14968,3.0,3.0,161,-23.5784128,-46.5901097,1093540,1,"-23.5784128, -46.5901097",Buy,Mooca
4451,343,3.0,2.0,94,-23.532114399999998,-46.7286981,937209,1,"-23.532114399999998, -46.7286981",Buy,Vila Leopoldina
4475,17041,3.0,1.0,150,-23.5642732,-46.6701732,1798660,1,"-23.5642732, -46.6701732",Buy,Jardim Paulista
4484,14972,3.0,2.0,66,-23.5613211,-46.6031008,445000,1,"-23.5613211, -46.6031008",Buy,Região Imediata de São Paulo
4494,13807,2.0,2.0,125,-23.5886353,-46.6420818,1585850,1,"-23.5886353, -46.6420818",Buy,Vila Mariana
4579,3382,3.0,1.0,130,-23.5672782,-46.6877165,1621830,1,"-23.5672782, -46.6877165",Buy,Pinheiros
4605,14895,3.0,1.0,87,-23.5608129,-46.6057828,644340,1,"-23.5608129, -46.6057828",Buy,Região Imediata de São Paulo
4634,15146,3.0,2.0,88,-23.5739513,-46.605380600000004,843123,1,"-23.5739513, -46.605380600000004",Buy,Ipiranga
4659,4329,2.0,1.0,100,-23.546125,-46.6554974,847332,1,"-23.546125, -46.6554974",Buy,Consolação
4664,14938,3.0,2.0,115,-23.560378,-46.583358200000006,778188,1,"-23.560378, -46.583358200000006",Buy,Água Rasa
4673,10602,3.0,1.0,130,-23.5649327,-46.661388200000005,1796560,1,"-23.5649327, -46.661388200000005",Buy,Jardim Paulista
4709,17412,3.0,1.0,140,-23.5707406,-46.6312928,1040330,1,"-23.5707406, -46.6312928",Buy,Liberdade
4725,16411,2.0,1.0,80,-23.6085702,-46.6649905,952672,1,"-23.6085702, -46.6649905",Buy,Moema
4755,9020,3.0,2.0,105,-23.5835863,-46.673650099999996,1490370,1,"-23.5835863, -46.673650099999996",Buy,Itaim Bibi
4781,531,3.0,2.0,95,-23.524054500000002,-46.731319299999996,686648,1,"-23.524054500000002, -46.731319299999996",Buy,Vila Leopoldina
4811,4018,3.0,1.0,105,-23.6010457,-46.672825599999996,965407,1,"-23.6010457, -46.672825599999996",Buy,Moema
4819,14726,3.0,2.0,110,-23.5792453,-46.604981,797947,1,"-23.5792453, -46.604981",Buy,Ipiranga
4820,13521,3.0,2.0,78,-23.599173999999998,-46.633362,755147,1,"-23.599173999999998, -46.633362",Buy,Saúde
4863,3160,3.0,2.0,107,-23.586097100000003,-46.7176571,1325040,1,"-23.586097100000003, -46.7176571",Buy,Morumbi
4868,10207,3.0,1.0,165,-23.5657504,-46.6607026,2024950,1,"-23.5657504, -46.6607026",Buy,Região Imediata de São Paulo
4898,14132,3.0,2.0,112,-23.5870563,-46.635743700000006,891334,1,"-23.5870563, -46.635743700000006",Buy,Vila Mariana
4908,2438,3.0,2.0,90,-23.646105300000002,-46.664433200000005,980474,1,"-23.646105300000002, -46.664433200000005",Buy,Jabaquara
4916,4394,2.0,1.0,90,-23.5444012,-46.6543537,959399,1,"-23.5444012, -46.6543537",Buy,Consolação
4929,1452,2.0,2.0,65,-23.5754727,-46.7323131,512413,1,"-23.5754727, -46.7323131",Buy,Butantã
4951,3465,3.0,2.0,165,-23.5605358,-46.696650299999995,1789630,1,"-23.5605358, -46.696650299999995",Buy,Vila Madalena
4971,9618,3.0,2.0,179,-23.5614478,-46.6527586,1854090,1,"-23.5614478, -46.6527586",Buy,Bela Vista
4977,14433,3.0,2.0,155,-23.5720157,-46.651460799999995,1784310,1,"-23.5720157, -46.651460799999995",Buy,Vila Mariana
4984,4628,2.0,1.0,92,-23.5577157,-46.644537,952941,1,"-23.5577157, -46.644537",Buy,Bela Vista
4991,4295,3.0,2.0,114,-23.5399538,-46.658336,1306890,1,"-23.5399538, -46.658336",Buy,Região Imediata de São Paulo
5014,7217,2.0,1.0,98,-23.5780077,-46.612050200000006,544712,1,"-23.5780077, -46.612050200000006",Buy,Ipiranga
5026,14106,3.0,2.0,80,-23.586627800000002,-46.6300887,899586,1,"-23.586627800000002, -46.6300887",Buy,Vila Mariana
5032,16880,3.0,1.0,110,-23.557885,-46.6651006,1243350,1,"-23.557885, -46.6651006",Buy,Cerqueira César
5049,3175,3.0,2.0,100,-23.5631789,-46.6966054,1190730,1,"-23.5631789, -46.6966054",Buy,Pinheiros
5078,5213,2.0,1.0,93,-23.5528952,-46.6555597,843586,1,"-23.5528952, -46.6555597",Buy,Consolação
5097,1641,2.0,1.0,77,-23.5509518,-46.6921805,719079,1,"-23.5509518, -46.6921805",Buy,Sumarezinho
5108,12318,2.0,1.0,60,-23.627216,-46.732990799999996,437069,1,"-23.627216, -46.732990799999996",Buy,Vila Andrade
5127,4972,3.0,1.0,134,-23.5385391,-46.659704999999995,1220370,1,"-23.5385391, -46.659704999999995",Buy,Santa Cecília
5135,16614,3.0,1.0,57,-23.640486399999997,-46.6526494,441058,1,"-23.640486399999997, -46.6526494",Buy,Jabaquara
5236,2355,3.0,3.0,178,-23.6160194,-46.6810369,2475040,1,"-23.6160194, -46.6810369",Buy,Itaim Bibi
5308,10163,2.0,1.0,60,-23.5588359,-46.6537174,673443,1,"-23.5588359, -46.6537174",Buy,Bela Vista
5312,13617,2.0,2.0,55,-23.5928307,-46.63517120000001,767574,1,"-23.5928307, -46.63517120000001",Buy,Vila Mariana
5316,1182,2.0,2.0,80,-23.5243788,-46.688571100000004,752587,1,"-23.5243788, -46.688571100000004",Buy,Lapa
5356,7200,3.0,4.0,141,-23.5762596,-46.6145186,1214020,1,"-23.5762596, -46.6145186",Buy,Região Imediata de São Paulo
5382,2996,3.0,4.0,168,-23.558487300000003,-46.6923385,2095060,1,"-23.558487300000003, -46.6923385",Buy,Pinheiros
5390,14303,3.0,1.0,86,-23.574734600000003,-46.642911700000006,905232,1,"-23.574734600000003, -46.642911700000006",Buy,Vila Mariana
5400,15728,3.0,1.0,84,-23.612404100000003,-46.6441521,764455,1,"-23.612404100000003, -46.6441521",Buy,Região Imediata de São Paulo
5411,4316,2.0,2.0,74,-23.5470009,-46.6541261,1074190,1,"-23.5470009, -46.6541261",Buy,Higienópolis
5434,24,3.0,2.0,68,-23.5409544,-46.680706,844596,1,"-23.5409544, -46.680706",Buy,Perdizes
5442,7052,2.0,1.0,80,-23.5769643,-46.626983100000004,670062,1,"-23.5769643, -46.626983100000004",Buy,Liberdade
5446,4971,3.0,1.0,165,-23.5408524,-46.6609109,1329690,1,"-23.5408524, -46.6609109",Buy,Consolação
5539,14959,2.0,2.0,63,-23.5774076,-46.6063524,568431,1,"-23.5774076, -46.6063524",Buy,Ipiranga
5578,9184,2.0,2.0,80,-23.5831384,-46.6720847,846978,1,"-23.5831384, -46.6720847",Buy,Itaim Bibi
5580,996,3.0,2.0,81,-23.532263,-46.705242,554609,1,"-23.532263, -46.705242",Buy,Lapa
5602,10521,2.0,1.0,73,-23.566895300000002,-46.6593173,1070920,1,"-23.566895300000002, -46.6593173",Buy,Jardim Paulista
5603,16959,3.0,2.0,156,-23.5605961,-46.665316499999996,1835130,1,"-23.5605961, -46.665316499999996",Buy,Jardim Paulista
5641,12934,2.0,1.0,96,-23.639943,-46.713664,672345,1,"-23.639943, -46.713664",Buy,Região Imediata de São Paulo
5651,13365,3.0,1.0,90,-23.5974866,-46.6382527,699795,1,"-23.5974866, -46.6382527",Buy,Vila Mariana
5745,11056,2.0,2.0,80,-23.6339594,-46.732628600000005,492276,1,"-23.6339594, -46.732628600000005",Buy,Vila Andrade
5827,17557,3.0,3.0,140,-23.5724633,-46.6372709,1488130,1,"-23.5724633, -46.6372709",Buy,Liberdade
5842,4448,2.0,1.0,80,-23.5521942,-46.6499031,1070570,1,"-23.5521942, -46.6499031",Buy,Consolação
5845,964,3.0,2.0,72,-23.5339819,-46.717301500000005,603929,1,"-23.5339819, -46.717301500000005",Buy,Lapa
5925,3280,2.0,1.0,80,-23.568925699999998,-46.6908253,1045980,1,"-23.568925699999998, -46.6908253",Buy,Pinheiros
5978,10731,2.0,1.0,94,-23.5699535,-46.6556607,1069570,1,"-23.5699535, -46.6556607",Buy,Jardim Paulista
5983,1831,3.0,2.0,86,-23.539936899999997,-46.717720299999996,963063,1,"-23.539936899999997, -46.717720299999996",Buy,Alto de Pinheiros
5985,7252,2.0,1.0,52,-23.5738065,-46.6256299,678432,1,"-23.5738065, -46.6256299",Buy,Liberdade
6006,5583,3.0,1.0,169,-23.5618345,-46.6745793,2108370,1,"-23.5618345, -46.6745793",Buy,Jardim Paulista
6024,7665,2.0,1.0,60,-23.5232852,-46.6827043,739829,1,"-23.5232852, -46.6827043",Buy,Região Imediata de São Paulo
6025,17032,3.0,2.0,142,-23.559925600000003,-46.6653576,1619080,1,"-23.559925600000003, -46.6653576",Buy,Jardim Paulista
6050,16900,2.0,2.0,83,-23.5621443,-46.6655198,1255720,1,"-23.5621443, -46.6655198",Buy,Jardim Paulista
6066,3776,2.0,1.0,140,-23.592833399999996,-46.6653561,1947040,1,"-23.592833399999996, -46.6653561",Buy,Região Imediata de São Paulo
6082,17102,2.0,1.0,80,-23.5567156,-46.6636842,1173610,1,"-23.5567156, -46.6636842",Buy,Cerqueira César
6084,13648,3.0,1.0,100,-23.5778358,-46.6395809,1151170,1,"-23.5778358, -46.6395809",Buy,Vila Mariana
6092,10426,3.0,2.0,139,-23.5705234,-46.658538799999995,1177700,1,"-23.5705234, -46.658538799999995",Buy,Jardim Paulista
6104,14940,3.0,2.0,166,-23.563764499999998,-46.586448700000005,1206530,1,"-23.563764499999998, -46.586448700000005",Buy,Mooca
6137,5302,3.0,2.0,127,-23.546926100000004,-46.6602861,1478320,1,"-23.546926100000004, -46.6602861",Buy,Consolação
6165,10137,2.0,2.0,110,-23.5662943,-46.6571649,1220280,1,"-23.5662943, -46.6571649",Buy,Jardim Paulista
6205,9888,3.0,2.0,141,-23.5671796,-46.6549494,1790890,1,"-23.5671796, -46.6549494",Buy,Jardim Paulista
6209,15015,2.0,2.0,144,-23.554946100000002,-46.589734,983653,1,"-23.554946100000002, -46.589734",Buy,Região Imediata de São Paulo
6273,7115,3.0,2.0,81,-23.5824909,-46.628411,886595,1,"-23.5824909, -46.628411",Buy,Vila Mariana
6280,1458,2.0,2.0,114,-23.553693,-46.6918336,1497160,1,"-23.553693, -46.6918336",Buy,Pinheiros
6288,15913,2.0,1.0,66,-23.611584699999998,-46.665121,785954,1,"-23.611584699999998, -46.665121",Buy,Moema
6322,166,3.0,3.0,119,-23.533313,-46.689809000000004,1401540,1,"-23.533313, -46.689809000000004",Buy,Pompéia
6336,733,3.0,2.0,94,-23.524607999999997,-46.7020477,834218,1,"-23.524607999999997, -46.7020477",Buy,Lapa
6376,3282,2.0,1.0,90,-23.566323399999998,-46.6980945,875320,1,"-23.566323399999998, -46.6980945",Buy,Pinheiros
6381,10583,3.0,1.0,125,-23.5602479,-46.6606809,1833770,1,"-23.5602479, -46.6606809",Buy,Cerqueira César
6387,7188,2.0,1.0,95,-23.5720378,-46.621194200000005,459829,1,"-23.5720378, -46.621194200000005",Buy,Região Imediata de São Paulo
6432,12097,2.0,2.0,59,-23.608410600000003,-46.7255532,415036,1,"-23.608410600000003, -46.7255532",Buy,Região Imediata de São Paulo
6441,14407,2.0,1.0,100,-23.5907374,-46.6328,899084,1,"-23.5907374, -46.6328",Buy,Vila Mariana
6442,15121,2.0,1.0,74,-23.5587624,-46.5941499,464597,1,"-23.5587624, -46.5941499",Buy,Mooca
6446,14988,2.0,1.0,128,-23.562075399999998,-46.5875696,821998,1,"-23.562075399999998, -46.5875696",Buy,Mooca
6447,13223,2.0,1.0,92,-23.5875604,-46.642112899999994,783535,1,"-23.5875604, -46.642112899999994",Buy,Vila Mariana
6494,4578,2.0,1.0,62,-23.5541189,-46.6530597,667560,1,"-23.5541189, -46.6530597",Buy,Consolação
6498,3057,3.0,1.0,75,-23.5635687,-46.683119,812384,1,"-23.5635687, -46.683119",Buy,Pinheiros
6507,6970,3.0,1.0,62,-23.558335800000002,-46.6204773,465724,1,"-23.558335800000002, -46.6204773",Buy,Região Imediata de São Paulo
6533,3378,2.0,1.0,70,-23.5626289,-46.6901261,677212,1,"-23.5626289, -46.6901261",Buy,Pinheiros
6544,5518,2.0,1.0,80,-23.5572405,-46.6742672,831912,1,"-23.5572405, -46.6742672",Buy,Jardim Paulista
6562,14927,3.0,1.0,65,-23.5630818,-46.5819273,481403,1,"-23.5630818, -46.5819273",Buy,Região Imediata de São Paulo
6567,3289,3.0,1.0,106,-23.5660776,-46.6802643,1696230,1,"-23.5660776, -46.6802643",Buy,Pinheiros
6607,17018,3.0,1.0,140,-23.563116600000004,-46.6706316,2053820,1,"-23.563116600000004, -46.6706316",Buy,Jardim Paulista
6608,14576,3.0,3.0,91,-23.561706100000002,-46.678226200000005,1281610,1,"-23.561706100000002, -46.678226200000005",Buy,Jardim Paulista
6635,13630,2.0,2.0,92,-23.5925807,-46.63507979999999,732634,1,"-23.5925807, -46.63507979999999",Buy,Vila Mariana
6657,695,2.0,1.0,76,-23.5332358,-46.6873508,645164,1,"-23.5332358, -46.6873508",Buy,Perdizes
6661,16389,3.0,2.0,106,-23.606070000000003,-46.668975,1100210,1,"-23.606070000000003, -46.668975",Buy,Moema
6693,17116,2.0,2.0,158,-23.558002300000002,-46.6652503,2578560,1,"-23.558002300000002, -46.6652503",Buy,Cerqueira César
6694,13143,2.0,2.0,63,-23.573222100000002,-46.6498136,782991,1,"-23.573222100000002, -46.6498136",Buy,Vila Mariana
6726,680,3.0,2.0,102,-23.5317493,-46.727377399999995,983441,1,"-23.5317493, -46.727377399999995",Buy,Vila Hamburguesa
6731,4702,3.0,1.0,120,-23.542769800000002,-46.6542995,1053740,1,"-23.542769800000002, -46.6542995",Buy,Consolação
6741,16823,2.0,1.0,85,-23.5603841,-46.666037700000004,990206,1,"-23.5603841, -46.666037700000004",Buy,Jardim Paulista
6769,1512,3.0,3.0,165,-23.574372699999998,-46.732719,1323300,1,"-23.574372699999998, -46.732719",Buy,Região Imediata de São Paulo
6771,13329,3.0,2.0,93,-23.587158,-46.6441113,1177180,1,"-23.587158, -46.6441113",Buy,Vila Mariana
6775,16497,2.0,2.0,90,-23.611083999999998,-46.6404657,689481,1,"-23.611083999999998, -46.6404657",Buy,Região Imediata de São Paulo
6807,3861,3.0,2.0,140,-23.5986026,-46.66756420000001,1597440,1,"-23.5986026, -46.66756420000001",Buy,Moema
6817,13920,3.0,1.0,140,-23.5762435,-46.6441023,1475550,1,"-23.5762435, -46.6441023",Buy,Vila Mariana
6829,10215,3.0,1.0,136,-23.5629839,-46.6522473,1154910,1,"-23.5629839, -46.6522473",Buy,Bela Vista
6848,10222,3.0,1.0,95,-23.569368,-46.6623206,1168760,1,"-23.569368, -46.6623206",Buy,Jardim Paulista
6857,16307,3.0,2.0,126,-23.6364964,-46.645191,665930,1,"-23.6364964, -46.645191",Buy,Jabaquara
6861,1585,2.0,1.0,85,-23.5261349,-46.6915672,532188,1,"-23.5261349, -46.6915672",Buy,Lapa
6910,818,2.0,1.0,74,-23.533519000000002,-46.6911109,761825,1,"-23.533519000000002, -46.6911109",Buy,Perdizes
6929,14829,3.0,2.0,79,-23.5594607,-46.59033170000001,584050,1,"-23.5594607, -46.59033170000001",Buy,Mooca
6990,13327,3.0,3.0,125,-23.5840133,-46.645578,1458510,1,"-23.5840133, -46.645578",Buy,Vila Mariana
6996,5414,3.0,1.0,125,-23.5580383,-46.6734659,1249060,1,"-23.5580383, -46.6734659",Buy,Cerqueira César
7003,3201,2.0,1.0,66,-23.5622782,-46.6884114,823389,1,"-23.5622782, -46.6884114",Buy,Pinheiros
7005,2486,2.0,1.0,71,-23.624022399999998,-46.6884924,999453,1,"-23.624022399999998, -46.6884924",Buy,Itaim Bibi
7012,61,2.0,1.0,77,-23.535323499999997,-46.6900287,718879,1,"-23.535323499999997, -46.6900287",Buy,Perdizes
7028,16884,2.0,2.0,59,-23.559836100000002,-46.663491799999996,865537,1,"-23.559836100000002, -46.663491799999996",Buy,Cerqueira César
7053,3221,3.0,1.0,121,-23.5678601,-46.691911,1048580,1,"-23.5678601, -46.691911",Buy,Pinheiros
7061,3805,3.0,1.0,130,-23.6025433,-46.670061,1184620,1,"-23.6025433, -46.670061",Buy,Moema
7062,15783,3.0,2.0,80,-23.6373279,-46.6470622,549402,1,"-23.6373279, -46.6470622",Buy,Jabaquara
7065,770,2.0,1.0,54,-23.5328287,-46.6842201,673806,1,"-23.5328287, -46.6842201",Buy,Perdizes
7078,690,2.0,2.0,92,-23.5207191,-46.7056165,809457,1,"-23.5207191, -46.7056165",Buy,Região Imediata de São Paulo
7113,16817,2.0,1.0,55,-23.628632500000002,-46.6454521,345776,1,"-23.628632500000002, -46.6454521",Buy,Saúde
7119,13698,2.0,2.0,80,-23.599415899999997,-46.6335153,725180,1,"-23.599415899999997, -46.6335153",Buy,Saúde
7149,8584,2.0,1.0,66,-23.5382844,-46.670640999999996,613886,1,"-23.5382844, -46.670640999999996",Buy,Perdizes
7156,1558,3.0,1.0,79,-23.529099,-46.6891151,583377,1,"-23.529099, -46.6891151",Buy,Pompéia
7165,2169,2.0,1.0,70,-23.6399427,-46.671089,527387,1,"-23.6399427, -46.671089",Buy,Campo Belo
7168,4120,3.0,1.0,107,-23.5445158,-46.6489295,830196,1,"-23.5445158, -46.6489295",Buy,Consolação
7184,14852,2.0,2.0,57,-23.585458199999998,-46.603621399999994,461721,1,"-23.585458199999998, -46.603621399999994",Buy,Ipiranga
7190,17055,3.0,3.0,136,-23.5597889,-46.6641258,1693700,1,"-23.5597889, -46.6641258",Buy,Cerqueira César
7192,16220,3.0,1.0,135,-23.624043899999997,-46.644573,848723,1,"-23.624043899999997, -46.644573",Buy,Saúde
7198,1560,3.0,2.0,83,-23.546571,-46.693838,976228,1,"-23.546571, -46.693838",Buy,Região Imediata de São Paulo
7276,15421,3.0,1.0,87,-23.597611399999998,-46.682742299999994,959732,1,"-23.597611399999998, -46.682742299999994",Buy,Itaim Bibi
7298,2570,2.0,2.0,87,-23.620568399999996,-46.6772197,1058380,1,"-23.620568399999996, -46.6772197",Buy,Campo Belo
7326,11879,3.0,2.0,85,-23.6105962,-46.689065299999996,678213,1,"-23.6105962, -46.689065299999996",Buy,Itaim Bibi
7353,2247,2.0,2.0,120,-23.6455667,-46.7019597,1373140,1,"-23.6455667, -46.7019597",Buy,Santo Amaro
7377,800,3.0,1.0,72,-23.5339009,-46.691614200000004,832494,1,"-23.5339009, -46.691614200000004",Buy,Perdizes
7445,17222,3.0,1.0,73,-23.562737,-46.6430289,1077020,1,"-23.562737, -46.6430289",Buy,Bela Vista
7454,1864,2.0,1.0,80,-23.5469936,-46.6928391,714651,1,"-23.5469936, -46.6928391",Buy,Região Imediata de São Paulo
7475,13912,2.0,2.0,74,-23.579559699999997,-46.634744,973586,1,"-23.579559699999997, -46.634744",Buy,Vila Mariana
7478,842,3.0,1.0,72,-23.542355399999998,-46.716605,612978,1,"-23.542355399999998, -46.716605",Buy,Alto de Pinheiros
7491,14933,3.0,2.0,68,-23.5630357,-46.5943657,572641,1,"-23.5630357, -46.5943657",Buy,Mooca
7513,7122,3.0,1.0,136,-23.5715781,-46.6284633,762841,1,"-23.5715781, -46.6284633",Buy,Aclimação
7516,16050,2.0,1.0,75,-23.6116182,-46.641060499999995,574567,1,"-23.6116182, -46.641060499999995",Buy,Região Imediata de São Paulo
7603,14757,3.0,2.0,161,-23.5856374,-46.604553700000004,1446560,1,"-23.5856374, -46.604553700000004",Buy,Ipiranga
7620,16109,3.0,2.0,112,-23.6029828,-46.6588312,1466910,1,"-23.6029828, -46.6588312",Buy,Região Imediata de São Paulo
7643,1444,2.0,1.0,114,-23.542202300000003,-46.684881700000005,1101800,1,"-23.542202300000003, -46.684881700000005",Buy,Perdizes
7695,1713,2.0,1.0,53,-23.526998100000004,-46.7055104,474504,1,"-23.526998100000004, -46.7055104",Buy,Lapa
7750,8887,2.0,1.0,165,-23.581061,-46.6777612,1858460,1,"-23.581061, -46.6777612",Buy,Itaim Bibi
7799,14751,3.0,2.0,130,-23.5541641,-46.5981186,981078,1,"-23.5541641, -46.5981186",Buy,Mooca
7813,6901,3.0,1.0,100,-23.5812592,-46.6307914,794406,1,"-23.5812592, -46.6307914",Buy,Vila Mariana
7944,14836,3.0,2.0,85,-23.557406699999998,-46.5951543,629527,1,"-23.557406699999998, -46.5951543",Buy,Mooca
7968,6955,3.0,1.0,105,-23.5850585,-46.60772539999999,690796,1,"-23.5850585, -46.60772539999999",Buy,Vila Monumento
7998,9091,3.0,1.0,85,-23.582040600000003,-46.6720599,814858,1,"-23.582040600000003, -46.6720599",Buy,Região Imediata de São Paulo
8000,1791,2.0,2.0,156,-23.554420999999998,-46.691407299999995,1509210,1,"-23.554420999999998, -46.691407299999995",Buy,Pinheiros
8013,12564,2.0,2.0,121,-23.601446,-46.717651000000004,1084740,1,"-23.601446, -46.717651000000004",Buy,Região Imediata de São Paulo
8015,2176,3.0,1.0,61,-23.646142,-46.6670451,483193,1,"-23.646142, -46.6670451",Buy,Região Imediata de São Paulo
8019,17017,3.0,1.0,98,-23.561448600000002,-46.6652185,1191690,1,"-23.561448600000002, -46.6652185",Buy,Jardim Paulista
8032,16311,3.0,2.0,160,-23.6458129,-46.6505648,1097340,1,"-23.6458129, -46.6505648",Buy,Jabaquara
8039,14782,3.0,2.0,107,-23.560230800000003,-46.5952794,818206,1,"-23.560230800000003, -46.5952794",Buy,Região Metropolitana de São Paulo
8055,5089,3.0,1.0,126,-23.544514899999996,-46.6510453,1412000,1,"-23.544514899999996, -46.6510453",Buy,Consolação
8056,7100,2.0,1.0,87,-23.5663831,-46.623099700000004,603844,1,"-23.5663831, -46.623099700000004",Buy,Cambuci
8071,13025,2.0,2.0,140,-23.6011079,-46.716117499999996,1718800,1,"-23.6011079, -46.716117499999996",Buy,Região Imediata de São Paulo
8079,16933,3.0,1.0,120,-23.560562899999997,-46.66659,1605570,1,"-23.560562899999997, -46.66659",Buy,Cerqueira César
8088,16956,3.0,2.0,155,-23.560697100000002,-46.6695455,1860720,1,"-23.560697100000002, -46.6695455",Buy,Jardim Paulista
8132,16054,3.0,3.0,155,-23.6107681,-46.6593185,1754020,1,"-23.6107681, -46.6593185",Buy,Moema
8136,3591,2.0,1.0,70,-23.6019316,-46.6703548,771598,1,"-23.6019316, -46.6703548",Buy,Moema
8138,16121,2.0,1.0,70,-23.6112319,-46.6625069,833588,1,"-23.6112319, -46.6625069",Buy,Moema
8161,17094,3.0,2.0,150,-23.560982199999998,-46.669293100000004,1742840,1,"-23.560982199999998, -46.669293100000004",Buy,Jardim Paulista
8190,14937,3.0,2.0,92,-23.5608466,-46.585525700000005,681371,1,"-23.5608466, -46.585525700000005",Buy,Mooca
8235,4161,2.0,1.0,93,-23.547400800000002,-46.6535435,836304,1,"-23.547400800000002, -46.6535435",Buy,Higienópolis
8306,411,2.0,1.0,55,-23.560089899999998,-46.698798700000005,674134,1,"-23.560089899999998, -46.698798700000005",Buy,Vila Madalena
8310,4607,3.0,1.0,169,-23.5391986,-46.6550891,1893880,1,"-23.5391986, -46.6550891",Buy,Santa Cecília
8324,106,2.0,3.0,160,-23.549950199999998,-46.6901484,1802720,1,"-23.549950199999998, -46.6901484",Buy,Pinheiros
8326,14790,2.0,1.0,67,-23.5780043,-46.5927189,564220,1,"-23.5780043, -46.5927189",Buy,Mooca
8339,645,2.0,2.0,110,-23.535914000000002,-46.703109000000005,1189960,1,"-23.535914000000002, -46.703109000000005",Buy,Vila Argentina
8347,459,3.0,1.0,90,-23.552794100000003,-46.698058,1088240,1,"-23.552794100000003, -46.698058",Buy,Alto de Pinheiros
8370,2081,3.0,1.0,95,-23.623103,-46.68327,777839,1,"-23.623103, -46.68327",Buy,Campo Belo
8378,3571,3.0,3.0,166,-23.597129000000002,-46.670035999999996,3162310,1,"-23.597129000000002, -46.670035999999996",Buy,Região Imediata de São Paulo
8481,11926,3.0,2.0,108,-23.612045000000002,-46.7327385,605843,1,"-23.612045000000002, -46.7327385",Buy,Vila Sônia
8485,13833,2.0,1.0,60,-23.598764499999998,-46.6400348,461341,1,"-23.598764499999998, -46.6400348",Buy,Saúde
8487,3270,2.0,3.0,162,-23.5728202,-46.690583200000006,4304870,1,"-23.5728202, -46.690583200000006",Buy,Pinheiros
8576,16560,3.0,3.0,176,-23.619711399999996,-46.6404614,1729790,1,"-23.619711399999996, -46.6404614",Buy,Saúde
8600,4550,3.0,1.0,144,-23.546608,-46.65759129999999,1251820,1,"-23.546608, -46.65759129999999",Buy,Consolação
8611,366,3.0,1.0,79,-23.528861600000003,-46.727133200000004,656126,1,"-23.528861600000003, -46.727133200000004",Buy,Vila Leopoldina
8639,8941,2.0,3.0,169,-23.587893899999997,-46.677986600000004,3160660,1,"-23.587893899999997, -46.677986600000004",Buy,Região Imediata de São Paulo
8679,13400,2.0,1.0,82,-23.588016399999997,-46.6356378,633372,1,"-23.588016399999997, -46.6356378",Buy,Vila Mariana
8713,747,3.0,2.0,80,-23.5428343,-46.687731899999996,941836,1,"-23.5428343, -46.687731899999996",Buy,Sumaré
8740,10637,3.0,1.0,90,-23.5602792,-46.663353799999996,981992,1,"-23.5602792, -46.663353799999996",Buy,Cerqueira César
8742,12861,3.0,2.0,75,-23.6125316,-46.6803615,903114,1,"-23.6125316, -46.6803615",Buy,Itaim Bibi
8745,755,3.0,1.0,70,-23.5342895,-46.683607099999996,931262,1,"-23.5342895, -46.683607099999996",Buy,Perdizes
8755,17121,3.0,1.0,100,-23.560006299999998,-46.6691569,1250260,1,"-23.560006299999998, -46.6691569",Buy,Cerqueira César
8763,17082,3.0,2.0,163,-23.558873300000002,-46.664323100000004,2557030,1,"-23.558873300000002, -46.664323100000004",Buy,Cerqueira César
8790,17074,3.0,1.0,126,-23.563693899999997,-46.6694451,1692830,1,"-23.563693899999997, -46.6694451",Buy,Jardim Paulista
8793,14838,2.0,1.0,67,-23.5491468,-46.594069700000006,496216,1,"-23.5491468, -46.594069700000006",Buy,Mooca
8797,14531,3.0,2.0,140,-23.5925807,-46.63507979999999,1114880,1,"-23.5925807, -46.63507979999999",Buy,Vila Mariana
8804,13219,3.0,1.0,170,-23.5671795,-46.6476291,1574980,1,"-23.5671795, -46.6476291",Buy,Morro dos Ingleses
8847,7134,3.0,1.0,110,-23.5725245,-46.61287539999999,611037,1,"-23.5725245, -46.61287539999999",Buy,Cambuci
8857,1392,2.0,2.0,83,-23.548478399999997,-46.6931176,740215,1,"-23.548478399999997, -46.6931176",Buy,Pinheiros
8869,14906,3.0,2.0,76,-23.5796413,-46.5887047,500304,1,"-23.5796413, -46.5887047",Buy,Parque da Mooca
8891,14242,2.0,1.0,65,-23.5957016,-46.64318170000001,570461,1,"-23.5957016, -46.64318170000001",Buy,Vila Mariana
8894,521,3.0,2.0,92,-23.533054500000002,-46.71662620000001,1038550,1,"-23.533054500000002, -46.71662620000001",Buy,Lapa
8908,3419,2.0,1.0,78,-23.5607121,-46.684253999999996,769072,1,"-23.5607121, -46.684253999999996",Buy,Pinheiros
8924,5599,2.0,1.0,85,-23.5555277,-46.6742562,1060420,1,"-23.5555277, -46.6742562",Buy,Cerqueira César
8942,1676,2.0,1.0,60,-23.5324387,-46.6908399,507875,1,"-23.5324387, -46.6908399",Buy,Pompéia
8963,884,3.0,1.0,91,-23.543167899999997,-46.687012599999996,845699,1,"-23.543167899999997, -46.687012599999996",Buy,Região Imediata de São Paulo
